<?xml version="1.0" encoding="iso-8859-1"?>
<Videos>
	<Video>
		<Title>Jeff Han demos his Breakthrough Touchscreen</Title>
		<Image>http://rokudev.roku.com/rokudev/examples/videoplayer/images/JeffHan.jpg</Image>
		<Url>http://video.ted.com/talks/podcast/JeffHan_2006_480.mp4</Url>
	</Video>
	<Video>
		<Title>David Kelley on Human-Centered Design</Title>
		<Image>http://rokudev.roku.com/rokudev/examples/videoplayer/images/DavidKelley.jpg</Image>
		<Url>http://video.ted.com/talks/podcast/DavidKelley_2002_480.mp4</Url>
	</Video>
	<Video>
		<Title>Imogen Heap Plays 'Wait It Out'</Title>
		<Image>http://rokudev.roku.com/rokudev/examples/videoplayer/images/ImogenHeap.jpg</Image>
		<Url>http://video.ted.com/talks/podcast/ImogenHeap_WaitItOut_2009G_480.mp4</Url>
	</Video>
	<Video>
		<Title>Naturally 7 Beatboxes a Whole Band</Title>
		<Image>http://rokudev.roku.com/rokudev/examples/videoplayer/images/Naturally7.jpg</Image>
		<Url>http://video.ted.com/talks/podcast/Naturally7FLYBABY_2009_480.mp4</Url>
	</Video>
	<Video>
		<Title>Juan Enriquez Wants to Grow Energy</Title>
		<Image>http://rokudev.roku.com/rokudev/examples/videoplayer/images/JuanEnriquez.jpg</Image>
		<Url>http://video.ted.com/talks/podcast/JuanEnriquez_2007S_480.mp4</Url>
	</Video>	
</Videos>
